loss,accuracy,val_loss,val_accuracy,val_TN,val_FP,val_FN,val_TP,epoch
0.6619133353233337,0.6366533637046814,0.6480631232261658,0.6475583910942078,610,0,332,0,1
0.6568379998207092,0.6347941756248474,0.6469302177429199,0.6475583910942078,610,0,332,0,2
0.6598241329193115,0.6278884410858154,0.6600903272628784,0.6475583910942078,610,0,332,0,3
0.657769501209259,0.6347941756248474,0.6465386748313904,0.6475583910942078,610,0,332,0,4
0.652294933795929,0.6347941756248474,0.6420904994010925,0.6475583910942078,610,0,332,0,5
